Name,Categories,Images,Brand
Juhayna Product,dairy,https://www.juhayna.com/app/uploads/2026/01/Frame-214.png,Juhayna
Juhayna Product,dairy,https://www.juhayna.com/app/uploads/2025/10/Mask-group-8.webp,Juhayna
Juhayna Product,dairy,https://www.juhayna.com/app/uploads/2025/12/FOB-English-MV-scaled.jpeg,Juhayna
Juhayna Product,dairy,https://www.juhayna.com/app/uploads/2025/11/EN-front-500g-20-1_11zon.webp,Juhayna
Juhayna Product,dairy,https://www.juhayna.com/app/uploads/2025/12/Screenshot-2025-12-01-at-4.37.06-PM-1-1-scaled.png,Juhayna
Juhayna Product,dairy,https://www.juhayna.com/app/uploads/2025/11/06.-20x10-1.jpeg,Juhayna
Juhayna Product,dairy,https://www.juhayna.com/app/uploads/2025/12/juhayna-stirred12515-copy.jpg,Juhayna
Juhayna Product,dairy,https://www.juhayna.com/app/uploads/2025/11/EN-front-500g-6-3_11zon.webp,Juhayna
Juhayna Product,dairy,https://www.juhayna.com/app/uploads/2025/11/1738682728_563_296198_archive.png,Juhayna
Juhayna Product,dairy,https://www.juhayna.com/app/uploads/2025/11/1676893348_664_6317057_b_hussein24214-scaled-1.jpg,Juhayna
Juhayna Product,dairy,https://www.juhayna.com/app/uploads/2025/11/1676893541_435_5648608_b_hussein24274-scaled-1.jpg,Juhayna
Juhayna Product,dairy,https://www.juhayna.com/app/uploads/2025/09/Vector-9.png,Juhayna
Juhayna Product,dairy,https://www.juhayna.com/app/uploads/2025/11/1719149568_662_276584_1581340658_334_992597_yough_master_2.png,Juhayna
Juhayna Product,dairy,https://www.juhayna.com/app/uploads/2025/09/Vec1tor.png,Juhayna
Juhayna Product,dairy,https://www.juhayna.com/app/uploads/2025/12/Acai-min-scaled.webp,Juhayna
Juhayna Product,dairy,https://www.juhayna.com/app/uploads/2025/09/Vector-10.png,Juhayna
Juhayna Product,dairy,https://www.juhayna.com/app/uploads/2025/11/1725178690_197_385107_greek-1.png,Juhayna
Juhayna Product,dairy,https://www.juhayna.com/app/uploads/2025/11/1676889813_670_15473013_5-scaled-1.jpg,Juhayna
Juhayna Product,dairy,https://www.juhayna.com/app/uploads/2025/11/74b2f86344ed6a0bd647f566708f57eb56f813a0-1-scaled.jpg,Juhayna
Juhayna Product,dairy,https://www.juhayna.com/app/uploads/2025/12/Chocolate-less-sugar-mockup-En-min-scaled.webp,Juhayna
Juhayna Product,dairy,https://www.juhayna.com/app/uploads/2025/11/fcc4debaacbcdb68d97dd3e973f4af99601cc013-1-scaled.jpg,Juhayna
Juhayna Product,dairy,https://www.juhayna.com/app/uploads/2025/11/1676894100_343_4299948_b_hussein24624-1-scaled.jpg,Juhayna
Juhayna Product,dairy,https://www.juhayna.com/app/uploads/2025/10/1676893196_189_11408201_b_hussein23924-scaled-1.jpg,Juhayna
Juhayna Product,dairy,https://www.juhayna.com/app/uploads/2025/11/1676888977_674_18163236_11-scaled-1.jpg,Juhayna
Juhayna Product,dairy,https://www.juhayna.com/app/uploads/2025/12/apple-3D-En-min-scaled.png,Juhayna
Juhayna Product,dairy,https://www.juhayna.com/app/uploads/2025/11/1720437786_960_259350_archive22.png,Juhayna
Juhayna Product,dairy,https://www.juhayna.com/app/uploads/2025/09/Bekharo_11.png,Juhayna
Juhayna Product,dairy,https://www.juhayna.com/app/uploads/2025/11/1583765675_844_431779_bekheiro.png,Juhayna
Juhayna Product,dairy/yogurt,https://www.juhayna.com/app/uploads/2025/10/1719150408_903_31708_plain_en_2.png,Juhayna
Juhayna Product,dairy/yogurt,https://www.juhayna.com/app/uploads/2025/10/1719150325_671_30644_light_en_2.png,Juhayna
Juhayna Product,dairy/yogurt,https://www.juhayna.com/app/uploads/2025/10/1719411621_658_23789_4_1.png,Juhayna
Juhayna Product,dairy/yogurt,https://www.juhayna.com/app/uploads/2025/10/1719411595_633_22876_4_2.png,Juhayna
Cheese,dairy/cheese,https://www.domty.org/uploads/products/397544_Domty-TP-Fetafront.png,Domty
,grocery/bakery,https://elabd-ecommerce-production.azurewebsites.net/images/thumbs/0001722_-_415.webp,El Abd
,grocery/bakery,https://elabdfoods.com/images/thumbs/0000357_-_415.png,El Abd
,grocery/bakery,https://elabdfoods.com/images/thumbs/0000360_-_415.png,El Abd
,grocery/bakery,https://elabd-ecommerce-production.azurewebsites.net/images/thumbs/0001410_-_415.png,El Abd
,grocery/bakery,https://elabdfoods.com/images/thumbs/0000737_-_415.png,El Abd
,grocery/bakery,https://elabdfoods.com/images/thumbs/0000363_-_415.png,El Abd
,grocery/bakery,https://elabdfoods.com/images/thumbs/0001402_-_415.webp,El Abd
,grocery/bakery,https://elabd-ecommerce-production.azurewebsites.net/images/thumbs/0000739_-_415.png,El Abd
,grocery/bakery,https://elabdfoods.com/images/thumbs/0001721_-_415.webp,El Abd
,grocery/bakery,https://elabdfoods.com/images/thumbs/0001720_-_415.webp,El Abd
,grocery/bakery,https://elabd-ecommerce-production.azurewebsites.net/images/thumbs/0001941_-_415.webp,El Abd
,grocery/bakery,https://elabd-ecommerce-production.azurewebsites.net/images/thumbs/0000351_-_415.png,El Abd
,grocery/bakery,https://elabdfoods.com/images/thumbs/0000565_-_415.png,El Abd
,grocery/bakery,https://elabdfoods.com/images/thumbs/0000675_-_415.png,El Abd
,grocery/bakery,https://elabdfoods.com/images/thumbs/0000683_-_415.png,El Abd
,grocery/bakery,https://elabdfoods.com/images/thumbs/0001944_-_415.webp,El Abd
,grocery/bakery,https://elabdfoods.com/images/thumbs/0001943_-_415.webp,El Abd
,grocery/bakery,https://elabdfoods.com/images/thumbs/0001942_-_415.webp,El Abd
,grocery/bakery,https://elabd-ecommerce-production.azurewebsites.net/images/thumbs/0001598_-_415.webp,El Abd
,grocery/bakery,https://elabdfoods.com/images/thumbs/0001602_-_415.webp,El Abd
,grocery/bakery,https://elabdfoods.com/images/thumbs/0001610_-_415.webp,El Abd
,grocery/bakery,https://elabdfoods.com/images/thumbs/0001596_-_415.webp,El Abd
,grocery/bakery,https://elabdfoods.com/images/thumbs/0001597_-_415.webp,El Abd
,grocery/bakery,https://elabd-ecommerce-production.azurewebsites.net/images/thumbs/0001600_-_415.webp,El Abd
,grocery/bakery,https://elabd-ecommerce-production.azurewebsites.net/images/thumbs/0001601_-_415.webp,El Abd
,grocery/bakery,https://elabdfoods.com/images/thumbs/0001603_-_415.webp,El Abd
,grocery/bakery,https://elabd-ecommerce-production.azurewebsites.net/images/thumbs/0001605_-_415.webp,El Abd
,grocery/bakery,https://elabd-ecommerce-production.azurewebsites.net/images/thumbs/0001607_-_415.webp,El Abd
,grocery/bakery,https://elabd-ecommerce-production.azurewebsites.net/images/thumbs/0001612_-_415.webp,El Abd
,grocery/bakery,https://elabdfoods.com/images/thumbs/0001666_-_415.webp,El Abd
